³¯Â¥,±â¿Â,³¯¾¾
2022-08-22,25.7,¸¼À½
2022-08-23,27.0,ºñ
2022-08-24,22.5,ºñ
2022-08-25,24.2,¸¼À½
2022-08-26,25.1,¸¼À½
2022-08-27,24.8,¸¼À½
2022-08-28,22.9,¸¼À½
2022-08-29,24.2,¸¼À½
2022-08-30,24.0,ºñ
2022-08-31,22.8,ºñ
2022-09-01,21.9,ºñ
2022-09-02,21.1,ºñ
2022-09-03,22.6,ºñ
2022-09-04,25.6,ºñ
2022-09-05,26.1,ºñ
2022-09-06,24.7,ºñ
2022-09-07,23.3,¸¼À½
2022-09-08,23.0,¸¼À½
2022-09-09,23.0,¸¼À½
2022-09-10,22.7,¸¼À½
2022-09-11,23.8,¸¼À½
2022-09-12,24.4,¸¼À½
2022-09-13,24.7,¸¼À½
2022-09-14,24.2,¸¼À½
2022-09-15,24.3,¸¼À½
2022-09-16,24.9,¸¼À½
2022-09-17,25.7,ºñ
2022-09-18,26.6,ºñ
2022-09-19,24.4,ºñ
2022-09-20,19.6,¸¼À½
2022-09-21,18.9,¸¼À½
2022-09-22,20.2,¸¼À½
2022-09-23,22.5,¸¼À½
2022-09-24,20.0,¸¼À½
2022-09-25,20.2,¸¼À½
2022-09-26,20.6,¸¼À½
2022-09-27,21.7,¸¼À½
2022-09-28,21.7,¸¼À½
2022-09-29,22.6,¸¼À½
2022-09-30,22.2,¸¼À½
2022-10-01,23.1,¸¼À½
2022-10-02,23.7,¸¼À½
2022-10-03,24.2,ºñ
2022-10-04,22.3,ºñ
2022-10-05,18.2,¸¼À½
2022-10-06,18.1,ºñ
2022-10-07,17.5,¸¼À½
2022-10-08,17.2,¸¼À½
2022-10-09,17.2,ºñ
2022-10-10,15.0,¸¼À½
2022-10-11,14.7,¸¼À½
2022-10-12,16.8,¸¼À½
2022-10-13,19.0,¸¼À½
2022-10-14,18.9,¸¼À½
2022-10-15,19.6,¸¼À½
2022-10-16,20.2,¸¼À½
2022-10-17,18.6,¸¼À½
2022-10-18,13.2,¸¼À½
2022-10-19,13.2,¸¼À½
2022-10-20,15.7,¸¼À½
2022-10-21,17.6,¸¼À½
2022-10-22,19.4,¸¼À½
2022-10-23,17.3,¸¼À½
2022-10-24,14.0,¸¼À½
2022-10-25,13.5,¸¼À½
2022-10-26,15.7,¸¼À½
2022-10-27,17.6,¸¼À½
2022-10-28,17.1,¸¼À½
2022-10-29,15.9,¸¼À½
2022-10-30,15.0,¸¼À½
2022-10-31,15.8,¸¼À½
2022-11-01,16.9,¸¼À½
2022-11-02,16.6,¸¼À½
2022-11-03,16.4,¸¼À½
2022-11-04,12.2,¸¼À½
2022-11-05,10.4,¸¼À½
2022-11-06,12.2,¸¼À½
2022-11-07,13.8,¸¼À½
2022-11-08,15.3,¸¼À½
2022-11-09,15.2,¸¼À½
2022-11-10,16.6,¸¼À½
2022-11-11,17.4,¸¼À½
2022-11-12,18.6,¸¼À½
2022-11-13,18.4,ºñ
2022-11-14,13.1,¸¼À½
2022-11-15,11.3,¸¼À½
2022-11-16,12.6,¸¼À½
2022-11-17,13.0,¸¼À½
2022-11-18,14.2,¸¼À½
2022-11-19,15.8,¸¼À½
2022-11-20,15.4,¸¼À½
2022-11-21,15.2,¸¼À½
2022-11-22,15.0,ºñ
2022-11-23,14.5,ºñ
2022-11-24,13.3,¸¼À½
2022-11-25,14.1,¸¼À½
2022-11-26,15.2,¸¼À½
2022-11-27,13.3,¸¼À½
2022-11-28,17.4,ºñ
2022-11-29,15.8,ºñ
2022-11-30,3.5,¸¼À½
2022-12-01,0.7,¸¼À½
2022-12-02,2.1,¸¼À½
2022-12-03,6.5,¸¼À½
2022-12-04,6.7,¸¼À½
2022-12-05,3.7,¸¼À½
2022-12-06,4.0,¸¼À½
2022-12-07,7.1,¸¼À½
2022-12-08,7.7,¸¼À½
2022-12-09,9.7,¸¼À½
2022-12-10,9.4,¸¼À½
2022-12-11,7.7,¸¼À½
2022-12-12,8.2,ºñ
2022-12-13,6.6,¸¼À½
2022-12-14,0.2,¸¼À½
2022-12-15,0.9,¸¼À½
2022-12-16,3.7,¸¼À½
2022-12-17,0.7,¸¼À½
2022-12-18,-3.5,¸¼À½
2022-12-19,-1.1,¸¼À½
2022-12-20,2.7,¸¼À½
2022-12-21,4.6,ºñ
2022-12-22,0.5,¸¼À½
2022-12-23,-3.7,¸¼À½
2022-12-24,-2.3,¸¼À½
2022-12-25,1.9,¸¼À½
2022-12-26,2.8,¸¼À½
2022-12-27,3.9,¸¼À½
2022-12-28,3.0,¸¼À½
2022-12-29,1.7,¸¼À½
2022-12-30,2.4,¸¼À½
2022-12-31,2.6,¸¼À½
2023-01-01,4.0,¸¼À½
2023-01-02,3.1,¸¼À½
2023-01-03,1.7,¸¼À½
2023-01-04,2.6,¸¼À½
2023-01-05,4.5,¸¼À½
2023-01-06,5.2,¸¼À½
2023-01-07,5.9,ºñ
2023-01-08,5.8,¸¼À½
2023-01-09,9.4,¸¼À½
2023-01-10,7.9,¸¼À½
2023-01-11,8.8,¸¼À½
2023-01-12,11.3,¸¼À½
2023-01-13,14.6,ºñ
2023-01-14,10.8,ºñ
2023-01-15,6.6,¸¼À½
2023-01-16,1.5,¸¼À½
2023-01-17,1.5,¸¼À½
2023-01-18,2.4,¸¼À½
2023-01-19,2.7,¸¼À½
2023-01-20,3.7,¸¼À½
2023-01-21,0.7,¸¼À½
2023-01-22,4.0,¸¼À½
2023-01-23,6.2,¸¼À½
2023-01-24,-4.2,¸¼À½
2023-01-25,-6.8,¸¼À½
2023-01-26,-0.7,¸¼À½
2023-01-27,-0.5,¸¼À½
2023-01-28,-3.0,¸¼À½
2023-01-29,1.2,¸¼À½
2023-01-30,3.1,¸¼À½
2023-01-31,4.8,¸¼À½
2023-02-01,8.9,¸¼À½
2023-02-02,4.2,¸¼À½
2023-02-03,5.7,¸¼À½
2023-02-04,3.5,¸¼À½
2023-02-05,5.0,¸¼À½
2023-02-06,7.0,¸¼À½
2023-02-07,9.4,¸¼À½
2023-02-08,8.5,¸¼À½
2023-02-09,7.3,¸¼À½
2023-02-10,6.5,ºñ
2023-02-11,7.3,¸¼À½
2023-02-12,8.6,ºñ
2023-02-13,7.1,ºñ
2023-02-14,6.1,¸¼À½
2023-02-15,3.8,¸¼À½
2023-02-16,5.9,¸¼À½
2023-02-17,7.3,¸¼À½
2023-02-18,8.9,ºñ
2023-02-19,10.1,ºñ
2023-02-20,4.5,¸¼À½
